qid,query
1048585,what is paula deen s brother
786674,what is prime rate in canada
1048876,who plays young dr mallard on ncis
1048995,who proposed the geocentric theory
786857,what is probability biology
524722,tricuspid atresia definition
873886,what level does zubat evolves to
786918,what is process control equipment
1049085,what is on the outside of dna
262974,how long is a typical car loan
525534,turkey and china time difference
1049894,who sang i feel wonderful tonight
1050007,who sang louie louie louie louie
811852,what is the common name for jade
525868,two rivers supervisory union
306105,how much do jockeys have to weigh
1050231,what is nabumetone used to treat
526013,type of antibiotic is oseltamivir
263889,how long is if your on disability
788484,what is purpose of sim card
1050670,who sing the song just swinging
264284,how long is peak time for morphine
1050747,who sings arabian nights aladdin
1050778,what is monological illusion
1050857,who sings c est la vie music
437291,largest shipping day of year
526671,types of business entities
264594,how long is super bowl game
1051095,who sings hey good looking
1051211,what is mepap certification
526984,types of coffee drinks mocha latte
2798,does suddenlink carry espn3
789332,what is radiofrequency ablation
1091234,proton pump used for what
1051755,who sings take this world by storm
527568,types of ethnic foods list
1051886,who sings the song animals animals
1051943,cost alternative to restasis
527769,types of flowering cactus
265729,how long keep financial records
1052274,what is korean seafood pancake
1052421,who starred in movie reckless
1052427,who starred in north to alaska
1052563,who stars in the tv show taken
1052585,what is john wayne real name
1091264,product level activity define
830812,what is the meaning of astute
1052717,who started the tesla car company
1005595,when dividing what is the quotient
1052985,what is ion plating on jewelry
1053111,who voices steven universe
528841,types of mongooses animals
525047,trumbull marriott fax number
4696,is the louisiana sales tax 4 75
266920,how long should i slow cook ribs
791223,what is restoril medication
529090,types of owls in nebraska
830973,what is the meaning of e g
1053896,what is hyper v heartbeat service
1053901,what is hydroxyz pam used for
1053997,who was foreign minister molotov
1054189,what is hcg for weight loss
1054450,what is green soap used for
1054468,what is google doing in the cloud
792595,what is rs medical definition
530601,types ofsexual disorder mayo
1054923,what is full recourse guaranty
792847,what is rustic italian food
1054999,what is framework in information
1055125,what is force fluids mean
1055197,what is flex fuel on a jeep
1091360,price of forever stamp now
793475,what is samsung defreeze code
831302,what is the meaning of nirvana
242713,how long can u keep fresh eggs for
1055889,what is endocrinology clinic
1056057,what is electric baseboard heating
831380,what is the meaning of pound
1056211,constructivism education define
1056437,what is does un stands for
1056446,what is dockpanel used for
1056548,who was the lone survivor
1056726,what is diagnosis of engineering
1056758,what is depreciation of products
270422,how long to do rotisserie chicken
270521,how long to fast blood test
270642,how long to get a bachelors
1057098,who was was a ugandan dictator
1057139,what is database software quizlet
1057270,who were marilyn monroe s friends
1057446,who were the founder of ibm
1057476,who were the hyksos people
1057488,who were the kings of denmark
533398,us army green beret training
1057708,confirmation number definition
1057996,what is considered the love apple
1058100,who wrote california dreaming
1058142,what is congenital sclerocornea
1058271,what is community legal service
1058325,what is collier investments inc
1058415,who wrote jude the obscure
272075,how long to saute potatoes
534305,usaa home insurance phone number
1058601,what is chromosome coiling
220151,how do river otters see underwater
1058822,who wrote the book ninjago
1058978,who wrote the kentucky waltz
1059077,composite object definition
1059442,who wrote when the levee breaks
1059496,what is blue ice in a lake
1059698,compare cost of dental implants
11133,acute myelogenous leukemia age
1059801,whos the third president of usa
273449,how long will cut melon stay good
535599,vanda orchids different leaf types
535627,vanguard wellesley income
535743,varicose veins spiritual meaning
812190,what is the constitution act 1867
1060305,why are clouds flat at the bottom
1060391,what is barbra streisand net worth
1060496,what is badger inc in penn yan ny
274175,how many 1000 in 1 million
1060623,what is baby boomers means
1060795,what is average wet bulb temp
262280,how long is a dogs heat cycle
613727,what county is toledo oh in
536654,vestibular hypofunction definition
1004258,when he was born ben franklin
1061167,what is at the base of the aorta
1061237,what is assassin s creed unity
1094389,insertion point definition
1061382,what is arp wave treatments
1061472,what is aripiprazole used for
537526,visible light from the sun
275534,how many books did montag steal
537706,vitamin b contraindications
537825,vitamin e is good for what
1062190,why did bob marley die of cancer
1062233,what is animal farm s genre
800318,what is string cheese incident
538333,voluntary muscle definition
46040,average thickness of paper
1062687,commercial buildings definition
14151,age requirements for name change
1062744,what is an irr or hurdle rate
832508,what is the merv rating on filters
1062928,what is an example of speciation
576601,what are upright pertrified trees
1063177,why did spock die in wrath of khan
1063478,columbus texas is in what county
14947,airport code mont tremblant
1063702,what is an advocacy project
1063765,what is an act placement test
1063777,what is an achilles heel injury
539601,was abraham lincoln half black
277459,how many calories in fried rice
277556,how many calories in mahi mahi
15441,alexia medical definition
1064140,why do babies fight sleep
277737,how many calories in skyy vodka
1019649,what study for mets to brain
539957,was emily kinney in harry potter
540432,was michael jordan a cub scout
540456,was mulan based on a true story
278542,how many carbs in a quest bar
1065032,why do mice eat themselves
278606,how many carbs in cool whip
1065118,why do my eyes have mucus
16559,american car museum in tacoma wa
540983,was the philippines a us territory
541135,was there a true bagger vance
